basket,patient,assessment,state
B1,P001,1,PD
B1,P001,2,PD
B1,P001,3,SD
B1,P001,4,SD
B1,P002,1,PD
B1,P002,2,SD
B1,P002,3,PD
B1,P002,4,PD
B1,P002,5,PD
B1,P003,1,CR
B1,P003,2,CR
B1,P003,3,CR
B1,P003,4,CR
B1,P004,1,SD
B1,P004,2,SD
B1,P004,3,PR
B1,P004,4,PR
B1,P004,5,CR
B1,P004,6,CR
B1,P004,7,CR
B1,P004,8,CR
B1,P005,1,SD
B1,P005,2,SD
B1,P005,3,SD
B1,P005,4,SD
B1,P005,5,PD
B1,P005,6,PD
B1,P006,1,PD
B1,P006,2,SD
B1,P006,3,SD
B1,P007,1,PD
B1,P007,2,PD
B1,P007,3,PD
B1,P008,1,PD
B1,P008,2,SD
B1,P008,3,SD
B1,P009,1,PD
B1,P009,2,PD
B1,P009,3,SD
B1,P009,4,PR
B1,P009,5,PR
B1,P009,6,PR
B1,P009,7,PR
B1,P010,1,CR
B1,P010,2,CR
B1,P010,3,CR
B1,P011,1,SD
B1,P011,2,CR
B1,P011,3,CR
B1,P012,1,PR
B1,P012,2,CR
B1,P012,3,CR
B1,P012,4,CR
B1,P013,1,SD
B1,P013,2,SD
B1,P013,3,PR
B1,P014,1,SD
B1,P015,1,PD
B1,P015,2,PD
B1,P015,3,PD
B1,P015,4,SD
B1,P015,5,SD
B1,P015,6,PD
B1,P016,1,SD
B1,P016,2,SD
B1,P016,3,PD
B1,P017,1,SD
B1,P017,2,SD
B1,P017,3,PD
B1,P017,4,SD
B1,P017,5,SD
B1,P017,6,SD
B1,P018,1,CR
B1,P018,2,CR
B1,P018,3,CR
B1,P019,1,PD
B1,P019,2,PD
B1,P019,3,SD
B1,P019,4,CR
B1,P019,5,PD
B1,P020,1,PD
B1,P020,2,SD
B1,P020,3,SD
B1,P020,4,SD
B1,P020,5,PD
B1,P020,6,PD
B1,P020,7,PD
B1,P020,8,SD
B1,P020,9,PD
B2,P001,1,SD
B2,P001,2,PD
B2,P001,3,SD
B2,P001,4,SD
B2,P001,5,SD
B2,P002,1,PD
B2,P002,2,PD
B2,P002,3,SD
B2,P002,4,SD
B2,P002,5,SD
B2,P003,1,SD
B2,P003,2,PR
B2,P003,3,CR
B2,P003,4,CR
B2,P003,5,PD
B2,P003,6,SD
B2,P003,7,PD
B2,P004,1,SD
B2,P004,2,PR
B2,P004,3,PD
B2,P004,4,PD
B2,P004,5,SD
B2,P005,1,SD
B2,P005,2,PD
B2,P005,3,SD
B2,P005,4,SD
B2,P005,5,SD
B2,P006,1,SD
B2,P006,2,PR
B2,P006,3,CR
B2,P007,1,PR
B2,P007,2,PD
B2,P007,3,PD
B2,P007,4,SD
B2,P007,5,PD
B2,P007,6,PR
B2,P007,7,PD
B2,P008,1,PD
B2,P008,2,SD
B2,P008,3,PD
B2,P009,1,SD
B2,P009,2,PR
B2,P009,3,PR
B2,P010,1,SD
B2,P010,2,PD
B2,P010,3,PD
B2,P010,4,PD
B2,P011,1,PD
B2,P011,2,SD
B2,P012,1,PD
B2,P012,2,SD
B2,P012,3,SD
B2,P013,1,PD
B2,P013,2,PD
B2,P014,1,PD
B2,P014,2,PD
B2,P014,3,SD
B2,P014,4,PD
B2,P014,5,SD
B2,P014,6,SD
B2,P015,1,PD
B2,P015,2,PD
B2,P015,3,PD
B2,P016,1,PD
B2,P016,2,PD
B2,P016,3,SD
B2,P017,1,SD
B2,P017,2,SD
B2,P017,3,PD
B2,P018,1,PD
B2,P018,2,PD
B2,P018,3,PD
B2,P018,4,PD
B2,P019,1,PD
B2,P019,2,SD
B2,P019,3,PR
B2,P019,4,PR
B2,P019,5,PD
B2,P020,1,PD
B2,P020,2,SD
B2,P020,3,PD
B2,P020,4,SD
B3,P001,1,PR
B3,P001,2,PR
B3,P001,3,PR
B3,P001,4,PD
B3,P002,1,PD
B3,P002,2,PD
B3,P002,3,PD
B3,P002,4,PR
B3,P002,5,PD
B3,P002,6,PD
B3,P003,1,PR
B3,P003,2,PR
B3,P003,3,PD
B3,P003,4,PD
B3,P003,5,SD
B3,P003,6,SD
B3,P003,7,SD
B3,P003,8,SD
B3,P003,9,PR
B3,P004,1,PD
B3,P004,2,SD
B3,P004,3,PR
B3,P005,1,SD
B3,P005,2,SD
B3,P005,3,PR
B3,P006,1,PD
B3,P006,2,PD
B3,P006,3,PD
B3,P006,4,SD
B3,P007,1,PD
B3,P007,2,PD
B3,P007,3,PD
B3,P007,4,PR
B3,P007,5,PD
B3,P007,6,SD
B3,P007,7,CR
B3,P007,8,CR
B3,P008,1,SD
B3,P008,2,PD
B3,P008,3,SD
B3,P008,4,PD
B3,P008,5,PD
B3,P008,6,PD
B3,P009,1,PD
B3,P009,2,SD
B3,P009,3,SD
B3,P009,4,SD
B3,P010,1,PD
B3,P010,2,SD
B3,P010,3,SD
B3,P011,1,PD
B3,P011,2,PD
B3,P011,3,SD
B3,P011,4,SD
B3,P012,1,SD
B3,P012,2,PD
B3,P012,3,SD
B3,P012,4,PD
B3,P013,1,PD
B3,P013,2,PD
B3,P013,3,SD
B3,P013,4,SD
B3,P014,1,PD
B3,P014,2,SD
B3,P014,3,SD
B3,P014,4,SD
B3,P015,1,SD
B3,P015,2,CR
B3,P015,3,CR
B3,P015,4,PD
B3,P016,1,PD
B3,P016,2,PD
B3,P016,3,PD
B3,P017,1,SD
B3,P017,2,PD
B3,P017,3,SD
B3,P017,4,SD
B3,P018,1,PD
B3,P018,2,SD
B3,P018,3,SD
B3,P018,4,PR
B3,P019,1,SD
B3,P019,2,SD
B3,P019,3,PD
B3,P019,4,PD
B3,P020,1,PD
B3,P020,2,SD
B3,P020,3,PD
B4,P001,1,SD
B4,P001,2,PR
B4,P001,3,PD
B4,P001,4,PD
B4,P001,5,PD
B4,P002,1,PR
B4,P002,2,PR
B4,P002,3,PR
B4,P002,4,PD
B4,P002,5,PD
B4,P002,6,PD
B4,P002,7,SD
B4,P002,8,SD
B4,P002,9,PD
B4,P003,1,SD
B4,P003,2,PD
B4,P003,3,PD
B4,P003,4,PD
B4,P004,1,PD
B4,P004,2,PD
B4,P004,3,PD
B4,P004,4,PD
B4,P005,1,CR
B4,P005,2,PD
B4,P005,3,PD
B4,P005,4,PD
B4,P006,1,SD
B4,P006,2,PR
B4,P006,3,PD
B4,P006,4,PD
B4,P006,5,SD
B4,P007,1,PD
B4,P007,2,PD
B4,P007,3,PD
B4,P007,4,PD
B4,P008,1,PR
B4,P008,2,SD
B4,P008,3,SD
B4,P009,1,SD
B4,P009,2,SD
B4,P009,3,PR
B4,P009,4,PR
B4,P009,5,CR
B4,P009,6,CR
B4,P009,7,CR
B4,P009,8,CR
B4,P009,9,CR
B4,P010,1,SD
B4,P010,2,PD
B4,P010,3,PD
B4,P010,4,SD
B4,P010,5,SD
B4,P010,6,SD
B4,P011,1,SD
B4,P011,2,SD
B4,P011,3,SD
B4,P012,1,PD
B4,P012,2,PD
B4,P012,3,PD
B4,P012,4,PD
B4,P012,5,PD
B4,P012,6,PD
B4,P012,7,SD
B4,P012,8,SD
B4,P012,9,SD
B4,P012,10,PD
B4,P013,1,PD
B4,P013,2,PD
B4,P013,3,PD
B4,P013,4,PR
B4,P014,1,PD
B4,P014,2,PR
B4,P014,3,PR
B4,P014,4,PR
B4,P014,5,PD
B4,P015,1,SD
B4,P015,2,PD
B4,P015,3,SD
B4,P016,1,SD
B4,P016,2,PR
B4,P016,3,PD
B4,P017,1,SD
B4,P017,2,SD
B4,P017,3,PD
B4,P018,1,PR
B4,P018,2,PD
B4,P018,3,SD
B4,P018,4,SD
B4,P018,5,PR
B4,P019,1,PR
B4,P019,2,CR
B4,P019,3,CR
B4,P020,1,CR
B4,P020,2,CR
B4,P020,3,CR
B5,P001,1,PD
B5,P001,2,PD
B5,P001,3,SD
B5,P001,4,SD
B5,P002,1,SD
B5,P002,2,SD
B5,P002,3,PD
B5,P002,4,PD
B5,P002,5,PD
B5,P003,1,SD
B5,P003,2,PR
B5,P003,3,PR
B5,P004,1,SD
B5,P004,2,PR
B5,P004,3,PD
B5,P004,4,PR
B5,P005,1,PD
B5,P005,2,SD
B5,P005,3,PD
B5,P005,4,SD
B5,P005,5,PD
B5,P006,1,PD
B5,P006,2,PD
B5,P006,3,SD
B5,P006,4,SD
B5,P006,5,PD
B5,P006,6,SD
B5,P006,7,PD
B5,P006,8,PD
B5,P006,9,SD
B5,P007,1,SD
B5,P007,2,PD
B5,P007,3,PD
B5,P008,1,SD
B5,P008,2,PR
B5,P009,1,SD
B5,P009,2,SD
B5,P009,3,PD
B5,P010,1,CR
B5,P010,2,CR
B5,P010,3,CR
B5,P011,1,PD
B5,P011,2,PD
B5,P011,3,PD
B5,P011,4,PD
B5,P012,1,PD
B5,P012,2,PR
B5,P012,3,PD
B5,P012,4,PD
B5,P013,1,SD
B5,P013,2,SD
B5,P013,3,SD
B5,P014,1,PD
B5,P014,2,PD
B5,P014,3,PD
B5,P014,4,SD
B5,P015,1,CR
B5,P015,2,PD
B5,P015,3,PD
B5,P015,4,PD
B5,P015,5,CR
B5,P016,1,PR
B5,P016,2,PR
B5,P016,3,CR
B5,P017,1,PD
B5,P017,2,SD
B5,P017,3,CR
B5,P017,4,CR
B5,P017,5,PD
B5,P018,1,SD
B5,P018,2,PR
B5,P018,3,PR
B5,P018,4,PD
B5,P018,5,PD
B5,P018,6,PD
B5,P018,7,SD
B5,P018,8,CR
B5,P018,9,CR
B5,P019,1,PD
B5,P019,2,SD
B5,P020,1,PD
B5,P020,2,SD
B5,P020,3,PR
B5,P020,4,PR
